,year,average_m,iso_code,average_c,average_o,average_n
0,2019,656181.137294811,AFG,9.102425862560121,32.25640524317744,0.0038772977609328836
1,2020,602135.0563955372,AFG,9.421719106298317,47.49014786128354,0.003934512760683492
2,2021,185625.26841791964,AFG,8.688240366426635,42.754966785398686,0.0036385373126641804
3,2022,28411.66723893229,AFG,0.5655251533405922,3.9559147539110797,0.000258919180136757
4,2019,227130.37845303974,ALB,10.543046071896654,35.30493484747945,0.007171909626665037
5,2020,262640.95792410726,ALB,10.912586633476073,51.10483565244064,0.007081294684726376
6,2021,,ALB,8.427595545460171,37.595051142117796,0.006540943839921449
7,2022,,ALB,0.5105742939233425,3.130791476375355,0.0006468990584883609
8,2019,671444.9348937977,DZA,10.030312669176164,32.09501749926696,0.004407269709122485
9,2020,626511.695266666,DZA,10.45398680726078,46.16084922999377,0.004353377601601847
10,2021,38316.54746639227,DZA,9.974536084468438,44.94329761967724,0.003979822446750757
11,2022,1905.0883257465978,DZA,0.965283402595838,4.406731149153842,0.0003490696647416838
12,2019,627990.4550920513,AGO,13.617329947068432,29.51429798054186,0.00692705801879627
13,2020,561925.6847963871,AGO,14.467686721869477,42.39491413570999,0.006388989040746384
14,2021,,AGO,9.843456727916795,33.887523002666974,0.00618133182409204
15,2022,,AGO,1.0124900685082328,3.591396212692355,0.0001846414838048315
16,2019,648937.1143405773,ARG,7.240207556298436,32.84657486469373,0.002723355814743108
17,2020,611152.3421575826,ARG,8.179249869248952,46.032413688568404,0.0029259534569992273
18,2021,113240.34521410754,ARG,6.921099483343076,45.671455891712384,0.0027140412948302296
19,2022,31437.27897268156,ARG,0.5735493598731725,4.161886267376611,0.00026056945680339464
20,2019,248708.9883936807,ARM,9.194508608595358,33.39941129188935,0.006664160587722625
21,2020,252069.7051105317,ARM,9.229698376776602,49.69543195333933,0.006485177403692907
22,2021,26202.650507948132,ARM,5.978502583997032,36.36208667738209,0.006882112397611692
23,2022,1881.744873046875,ARM,0.8395662967720271,4.3077771337642,0.0006575206428183711
24,2019,653606.6767468652,AUS,8.664227954050922,31.772471007214126,0.0030031294577719876
25,2020,635486.9161875513,AUS,9.00215227225344,44.63157650204118,0.002843214523807985
26,2021,504559.78098720394,AUS,7.994885853515879,44.384035727796665,0.002679758781718207
27,2022,60408.60811512465,AUS,0.7094024140548048,4.185676117847069,0.00022514950480615904
28,2019,277945.6205152006,AUT,10.598828987468904,34.908254716289306,0.014190397952184942
29,2020,284149.5715446811,AUT,10.868340030491739,51.67252121018025,0.012261442292318547
30,2021,1894.5753173828125,AUT,10.022901960578046,46.66692221325239,0.013377971522873764
31,2022,,AUT,0.8498051779880971,4.310416662065322,0.001718287766201618
32,2019,487696.551746784,AZE,11.011231083323983,33.87312220364125,0.008027473000014392
33,2020,429195.1769171553,AZE,11.187150838789462,50.20531728647239,0.007993476359105741
34,2021,81523.79166093461,AZE,7.465832345053655,38.56214434582741,0.008229467684244067
35,2022,20827.979317045847,AZE,0.9650631975317117,3.9985747792127846,0.0007492650045979227
36,2019,13062.6162109375,BHS,10.11389227054515,31.436484123633598,0.004516366513766779
37,2020,9341.140014648438,BHS,10.474384727843585,43.93630668191612,0.004355743804450223
38,2021,1925.418212890625,BHS,5.6418089431498535,24.664983413505944,0.003842604370408569
39,2022,1907.3675537109375,BHS,0.527402266042514,1.9771077849020653,0.00039287324142984445
40,2019,343130.5778188095,BGD,15.15371143627648,30.200817581028492,0.012341508386605799
41,2020,332186.6505481665,BGD,15.270112498452123,44.05123952891577,0.01250801483278217
42,2021,247525.31419120706,BGD,10.045378961551723,31.518832406954854,0.014488902406471197
43,2022,42414.84931517719,BGD,1.4567995495960697,3.9271123788426325,0.0013066181925371527
44,2019,302162.4400482345,BLR,12.010962028782023,34.919495103416544,0.010740284700627255
45,2020,298069.1894929629,BLR,12.311149009097864,52.894178243066406,0.01064257711685175
46,2021,18633.821705611335,BLR,12.516263811950525,52.63636868008542,0.01158279164070841
47,2022,1904.1645889282227,BLR,1.2371095948818496,5.387501686505535,0.0017434512352841813
48,2019,159233.4620650588,BEL,11.417929450152261,35.77329219659764,0.025385905681172445
49,2020,199727.26750990242,BEL,11.736564485899024,52.0067523732621,0.02070935167113029
50,2021,,BEL,9.490286341721156,45.68919573574154,0.02642908563364248
51,2022,,BEL,1.0431742039666951,4.10552394763689,0.003309523913576482
52,2019,59397.36947413853,BLZ,10.337982525712235,30.27764495947504,0.0032935301028334547
53,2020,78216.88461414684,BLZ,10.688405390449534,43.092603363748374,0.003115391822717859
54,2021,1897.1098022460938,BLZ,5.666647340902862,27.1632643934298,0.0028242803274000183
55,2022,,BLZ,0.7362595836119928,3.2139694339462697,0.00019273687936929764
56,2019,282970.4872269832,BEN,15.210610091873395,29.98101357582312,0.00606121036051249
57,2020,280913.4999519248,BEN,15.66680932371976,42.88337942014188,0.005889794820926131
58,2021,1911.320068359375,BEN,9.66130707296419,31.35699777240509,0.006222940989351042
59,2022,,BEN,1.2643030321384077,3.422238750033662,0.0005817415722800061
60,2019,521761.3861280189,BOL,10.672393934342013,29.060452062511512,0.003552109455418507
61,2020,523121.9515197788,BOL,11.94141833273976,41.52526481050184,0.0037140044407995387
62,2021,61317.07614295205,BOL,7.821888659365135,30.478834289471006,0.003398414955814145
63,2022,16915.733656913562,BOL,0.4843573421238498,2.3835324472864636,0.00021026750054790503
64,2019,296188.87627910747,BIH,10.580710569027634,35.16326848761098,0.00819845371784311
65,2020,307394.3046036993,BIH,10.995818130755463,51.36519308170579,0.008244813484614383
66,2021,1891.73828125,BIH,9.373272060136468,39.65630967805573,0.008627171108443302
67,2022,,BIH,0.5792469787164126,3.143396518789488,0.0009856755804099184
68,2019,619790.2303158678,BWA,9.91278246290777,29.85750850224649,0.004673865560833274
69,2020,540412.382024535,BWA,10.90712533565982,42.74874026865935,0.004655098029659579
70,2021,,BWA,7.036135635725631,31.054071165206317,0.004101414164363372
71,2022,,BWA,0.750350197901368,3.1343257878906274,0.00020900692823793066
72,2019,660834.203588957,BRA,11.548816643049395,29.711157446576323,0.003644354967492043
73,2020,628005.2053577193,BRA,12.335519878726824,42.85047276709819,0.003537721662218827
74,2021,369734.93542900105,BRA,11.255512309305427,42.23440028039306,0.0035647604915256485
75,2022,63522.860797970134,BRA,0.9864208062934302,4.021293162114872,0.00025156643433334267
76,2019,5479.540954589844,BRN,9.993794227484608,29.0103894498199,0.003652499563245293
77,2020,9271.379337565104,BRN,8.846966210100796,41.27452463656666,0.0037279288520466044
78,2021,,BRN,5.823108106975756,25.271998906880622,0.003683480509551806
79,2022,,BRN,0.38454120075330145,1.61686646156013,0.00032121226945491793
80,2019,401333.7052720387,BGR,11.347164218510114,35.26197468070784,0.009992067217128784
81,2020,449727.3406480501,BGR,11.4828369187484,51.636169203493715,0.009623807466642431
82,2021,9410.420893060593,BGR,10.134451283066378,45.64486035869986,0.009781104024104153
83,2022,,BGR,0.8601756648316146,4.817217999158785,0.0010825186432732662
84,2019,482995.1199281311,BFA,13.190799071430325,29.94733035819921,0.005364538246322531
85,2020,402751.3554453196,BFA,13.544619215551188,42.91696085801591,0.00528094264399464
86,2021,15294.29196074259,BFA,9.95839894948588,34.882182330978004,0.005457647972987871
87,2022,1879.6482543945312,BFA,0.8767677471761686,3.425342265096172,0.00033534981183476676
88,2019,62641.590368625926,BDI,11.328458431373463,29.210896950647843,0.003256864910945719
89,2020,50184.12041219075,BDI,11.904421728488707,41.96280324255879,0.003360012444412822
90,2021,,BDI,7.223716976835687,23.309857734092244,0.0031613072013006735
91,2022,,BDI,0.501622892193722,1.5836917028245001,0.00021218103289201274
92,2019,204714.69225913563,KHM,13.191686092432453,29.65611316471062,0.006645991815413469
93,2020,171464.94609357585,KHM,13.396119050424062,42.343118222320086,0.006351875435740175
94,2021,156467.4107326697,KHM,9.061998495088883,27.896808209874354,0.0060794074140989975
95,2022,47992.32795090092,KHM,0.9399555152575071,1.9153276122949188,0.0007548528436324394
96,2019,398741.74062922737,CMR,15.412356451809694,29.87048322219458,0.005089629782545515
97,2020,364619.92424619704,CMR,16.355427816608948,42.77423711733725,0.0049463832992978655
98,2021,,CMR,10.022778627558942,28.812818163412874,0.005083169331449426
99,2022,,CMR,1.701858883750961,3.1824283997784013,0.0005494171320288958
100,2019,642244.8808336734,CAN,11.674427894338912,38.196581708203176,0.00221176781531665
101,2020,608274.2239863392,CAN,11.682968591196683,55.3757800020902,0.0021215358296282354
102,2021,566528.1237877232,CAN,12.25518746405614,57.95386628442558,0.0020029724404003963
103,2022,53590.69623091594,CAN,1.1214869886204246,6.0563459404489635,9.33752425449108e-06
104,2019,444925.4686527501,CAF,14.697487910058662,30.04865626054424,0.005684362178866738
105,2020,437261.05964606185,CAF,15.527631053768276,43.12326103100085,0.005626754506945274
106,2021,,CAF,10.81312304621894,30.292227733362157,0.005618205597123417
107,2022,,CAF,1.4761036922827346,2.6059392497043117,0.0009604837526987712
108,2019,669513.0964886751,TCD,11.71693741720545,30.01252168658394,0.004615940538942599
109,2020,621264.7918009458,TCD,12.218167400558901,43.37347392705554,0.004582069903152636
110,2021,,TCD,8.639179855868676,30.65390234455791,0.004407105000517483
111,2022,,TCD,0.9037269546728768,2.645943905669769,0.0003012239098318046
112,2019,653758.3467643363,CHL,6.471984944711907,33.02147707106802,0.002476442950371391
113,2020,537825.9851162736,CHL,7.092057782337023,46.267334185694125,0.002204678629835026
114,2021,62098.451774209694,CHL,5.910325378275589,45.36312436412147,0.0024993076076336124
115,2022,5539.107176813475,CHL,0.5082451222435453,4.20920451851267,0.0001266834176580907
116,2019,677100.6325373756,CHN,11.55255466151678,33.73060341234607,0.013201046407206313
117,2020,661374.6132131558,CHN,11.669947847904188,50.08793035561398,0.011828723828470814
118,2021,617665.9560750523,CHN,11.34885819273173,49.129792265538434,0.012594663604943417
119,2022,63867.42692851724,CHN,1.0691886544611529,5.41076223825344,0.0015841399462165294
120,2019,352921.1423661013,COL,12.17325100228269,29.164023414507778,0.0031474326436777573
121,2020,345717.99293124897,COL,12.251390265674912,41.447089674862106,0.002888897992951529
122,2021,45726.56844007394,COL,7.861781324708675,27.865933311504563,0.002730697372140645
123,2022,15288.28123624035,COL,0.6527096266808611,2.303977448944079,0.00026213324424572386
124,2019,190879.50629044187,COG,17.866929638604137,29.691524953791806,0.0056474025113649375
125,2020,168115.0802983018,COG,19.422877573988803,42.801246019981576,0.005680226110014188
126,2021,,COG,11.214536962831795,28.035628206751486,0.0056961349576155704
127,2022,,COG,1.7956171796230942,3.2417047590415673,0.0004108319381436614
128,2019,68709.21332150414,CRI,9.757824912019931,29.78043378228427,0.004394076412347376
129,2020,85842.87108653673,CRI,10.054773827561396,41.885377920931994,0.0041207816039778794
130,2021,7616.955859375,CRI,4.992924389577201,24.523749880295778,0.0039414373121457805
131,2022,1909.4368774414063,CRI,0.5913374916687059,2.775288585690882,0.00022655400162693027
132,2019,293682.7996185247,CIV,15.399445367544734,30.2140531332946,0.004638091916492549
133,2020,318256.396206676,CIV,15.844900273455046,43.042744247134074,0.004363963885148055
134,2021,32399.60353771398,CIV,11.85933913465065,33.8410795710865,0.004354702789862496
135,2022,3811.6768188476562,CIV,0.9236245681527924,2.842037348461134,0.0005352807002702813
136,2019,379451.761568819,HRV,11.446540361546319,35.28387227626599,0.010318914371826866
137,2020,397646.0737944718,HRV,11.896609530696468,51.81267864222757,0.010094118461903792
138,2021,1863.3944091796875,HRV,10.348941917087418,44.04782522360131,0.010547607176056607
139,2022,,HRV,0.7273115333328312,3.742904072403781,0.0011707385711549312
140,2019,239480.73676119774,CUB,9.995932013290567,31.025701058619106,0.00433387751950457
141,2020,298863.5036098087,CUB,10.47901984279818,43.77817064577171,0.004214518712079132
142,2021,43863.44650039915,CUB,6.560688913636353,31.207868799775174,0.004115359430402321
143,2022,7621.419427054268,CUB,0.7033242844659978,2.7441584720398655,0.0003682611278022632
144,2019,31879.049194335938,CYP,10.522526592637103,33.72723964477579,0.006977672192797139
145,2020,70097.60821533203,CYP,10.862411997436237,49.553948908423386,0.006443455823340826
146,2021,5745.2979736328125,CYP,7.70835116195182,35.86028717023631,0.006646431670380556
147,2022,,CYP,0.7574956375174224,4.144255924969912,0.0004309261087271921
148,2019,245842.16704193878,CZE,11.527554279961485,34.98566930137279,0.01946404640474569
149,2020,234634.21853962954,CZE,11.731744749446117,52.13871227963986,0.016431727244754
150,2021,,CZE,10.962386754121672,47.14540284023262,0.021251674700978537
151,2022,,CZE,0.9117058857186702,4.184672064178385,0.002532376499520112
152,2019,588937.5809157739,COD,15.62743067407365,29.64626179764029,0.005517500997600604
153,2020,561885.6389403499,COD,17.024305910335322,42.8506299211843,0.005656392229475524
154,2021,,COD,13.58511424998539,36.806467551787726,0.005860839484033553
155,2022,,COD,1.4787092757641416,3.3657927270933725,0.0003635921567153805
156,2019,158988.43085675704,DNK,11.461249551478117,35.804955298910606,0.015773582100264156
157,2020,196162.1177016603,DNK,11.784195044538476,52.62483957577713,0.011953396751184635
158,2021,,DNK,11.589045636102055,51.92670871283845,0.012839746998552944
159,2022,,DNK,1.0833515775456455,5.014229979988716,0.0012371733332196876
160,2019,474518.05168294173,DJI,11.051260167972131,29.989130414019847,0.0038502880899569567
161,2020,198708.43297520824,DJI,11.176743312969972,42.67407106119909,0.003964604140423002
162,2021,13375.38359485973,DJI,6.709160591836142,29.595513024598798,0.0037100247523887196
163,2022,3807.4900756835937,DJI,0.8626569991477596,3.260973055434951,0.00032379211629067045
164,2019,152509.97816502073,DOM,9.543231561228929,30.4697950309463,0.006097025263424108
165,2020,176058.64603539664,DOM,10.100213505718127,43.61001127137533,0.005016190868811019
166,2021,41933.194765265565,DOM,6.088830741045438,23.692416183476045,0.005215956747815271
167,2022,15206.814870876735,DOM,0.3633197418477823,1.6442277445027846,0.0005181399097665553
168,2019,153450.81959386656,ECU,11.44045381876168,28.7450838114906,0.003378439268678066
169,2020,165505.8482594808,ECU,11.495494494450945,40.73224461804016,0.0031200317925959183
170,2021,24381.405858159582,ECU,5.981029495014078,24.668339943689993,0.0032898522326096475
171,2022,1888.6214599609375,ECU,0.7199896576038203,2.6650788893625523,0.00025805958368602696
172,2019,679619.695959949,EGY,11.1376409482021,31.392555379831684,0.006235538202187863
173,2020,626548.0275815809,EGY,11.398711898861347,45.65204862924174,0.0061756718084713755
174,2021,15190.761875001728,EGY,9.665382264516023,37.95979774532182,0.006222824943366524
175,2022,3818.8721379184262,EGY,0.760927742332169,3.5818993559159247,0.0005719341035664711
176,2019,169408.41911754527,SLV,10.431411053062902,30.02326056729635,0.006857978362633352
177,2020,151914.74508884977,SLV,10.711388556435532,42.65703123470513,0.006358164645563162
178,2021,20772.510133870444,SLV,5.481270994332287,28.7033386262024,0.006045543096749248
179,2022,1904.2957275390625,SLV,0.6871327531317043,3.2894171277117548,0.00040917440246747183
180,2020,5618.849210611979,GNQ,17.08803007517801,42.46629762033704,0.004012601374329985
181,2019,,GNQ,16.23344944329144,29.677208195139574,0.00449142400751789
182,2021,,GNQ,8.714019563091163,26.17943015252087,0.004699013351096666
183,2022,,GNQ,1.5870263363125532,3.1004329092913503,0.00042077094686214777
184,2019,633699.8140078315,ERI,11.04766662851464,29.824773382340755,0.004344401126262514
185,2020,466379.00881629577,ERI,11.35613430649202,42.94299817453088,0.004208366063703095
186,2021,17076.563635905328,ERI,7.84480029604687,32.10499723687965,0.0043769669524907195
187,2022,5710.0731329502205,ERI,0.8909675525051486,3.389692992212847,0.0003072680333608897
188,2019,181465.33132462163,EST,10.465519513745663,31.431834991007236,0.010265759093221876
189,2020,168652.68595601537,EST,10.660062176752245,51.91635951478395,0.00866037510615327
190,2021,9229.901468912762,EST,10.614319589432183,52.83275661888332,0.009883592698916508
191,2022,,EST,1.0207200097688962,5.35163357913253,0.0016626073956977625
192,2019,265455.3968834287,SWZ,9.481400452951652,30.48268578315122,0.016394639907898398
193,2020,311544.88236970454,SWZ,9.778475023261374,43.4784487989938,0.013291411231723527
194,2021,,SWZ,5.723926613732639,24.92112509917675,0.012300405934198505
195,2022,,SWZ,0.39533563514594877,1.8189697992056608,0.00033026629246256183
196,2019,661657.4600225494,ETH,10.433580716825768,29.677485728269417,0.0034757720756185034
197,2020,585391.7825350257,ETH,10.747750060371576,42.49895987266294,0.0034401078037434346
198,2021,22662.17677880152,ETH,8.847124512785122,36.62107649295328,0.003436538128759213
199,2022,11415.533215423868,ETH,0.941010741207549,3.5664514501806743,0.00033675071413776734
200,2019,14503.912923177084,FJI,7.256087902460666,29.06925272175237,0.001353603323898858
201,2020,14502.505798339844,FJI,7.392991751405409,41.45369685937428,0.0012219074262475298
202,2021,33246.67248535156,FJI,4.532095914177919,29.94956782442205,0.000917313839019146
203,2022,1845.458740234375,FJI,0.3147829361161936,3.381138030865363,8.026774951358296e-05
204,2019,324096.5847424489,FIN,9.719762969813543,30.357064325155367,0.010151760919883783
205,2020,306617.1512907107,FIN,9.678528035561326,49.59592955592147,0.006164611810087045
206,2021,77664.09929394878,FIN,10.24789776995136,52.697095964582346,0.007232201418709333
207,2022,,FIN,0.5080128200924091,5.349520781564772,0.00021254720612703587
208,2019,541148.7354130248,FRA,11.288971583215588,35.23581311623794,0.01056702176814964
209,2020,547125.9704349356,FRA,11.545302383606382,50.96377421132761,0.010125733127702296
210,2021,7493.439697265625,FRA,11.709573219868089,50.45420000442625,0.011370025382228708
211,2022,,FRA,1.1111045041540144,4.846525077353669,0.0011643433116505207
212,2019,42471.64643612816,GAB,17.386378495191217,29.61981822750096,0.005148200689352159
213,2020,52303.53888304144,GAB,18.650765060903872,42.75197666787139,0.0049411850994443545
214,2021,,GAB,10.7359227680462,26.959996476512636,0.005434545708786983
215,2022,,GAB,1.734640031585966,3.1249392750236504,0.0004432577198889134
216,2019,277876.11652565614,GMB,12.196383929352411,30.270088526448518,0.006115945504990695
217,2020,243032.9357151577,GMB,12.711800697217477,43.077320227299346,0.006045649519583459
218,2021,112469.91703718883,GMB,8.821275472842038,28.74795609744532,0.006151582448574479
219,2022,17191.31488661993,GMB,0.38020675579706825,1.6026902017945592,0.0005416572533633444
220,2019,432458.6028013883,GEO,10.125819904390653,33.93947762918279,0.005653102188754151
221,2020,388708.09481599706,GEO,10.226642010988291,50.676099761105036,0.005569475763923373
222,2021,67711.51969566049,GEO,7.230596329049836,42.081543092075734,0.005476804761957286
223,2022,11320.910766601562,GEO,0.9468295421151692,4.790139349273423,0.0004904128823789424
224,2019,346118.0243275594,DEU,11.773259565842572,35.32510092464265,0.02224605619976907
225,2020,380560.862089693,DEU,11.985335035128333,52.0871312515933,0.018474182973320822
226,2021,,DEU,12.125058468976816,51.61036579211915,0.02130196508131894
227,2022,,DEU,1.1803624901554741,5.007233321621784,0.0026930112630573757
228,2019,288785.759176113,GHA,15.93788888880328,30.165368835008632,0.006062106108413473
229,2020,281162.83189039497,GHA,16.47358428958372,43.042749414514276,0.005976110042503954
230,2021,9538.277548533917,GHA,11.235052580754893,33.18595515083665,0.005849510475955888
231,2022,,GHA,1.2799646969038962,3.3037986217917914,0.0008227931122312333
232,2019,417514.4748836151,GRC,11.09742477844279,35.18270546127696,0.008158011432986764
233,2020,470971.60370234604,GRC,11.395110067623415,50.881211652817896,0.007683217172350898
234,2021,3747.14446082482,GRC,10.15744216632775,42.29557085536889,0.0073265205685789266
235,2022,,GRC,0.7108778101058296,4.229537963686125,0.0007140680409503464
236,2019,411594.7351030831,GRL,7.580963281118908,30.410738207041014,0.0009220570732412313
237,2020,326055.47074852546,GRL,7.690904683591634,49.07999288979693,0.0003564260998103686
238,2021,395848.094116035,GRL,8.22311882623463,54.51374713995405,0.0004417101356376069
239,2022,,GRL,0.2749555676415958,5.1731936626570665,-2.799900635495934e-05
240,2019,271334.2174796521,GTM,10.208114808410118,30.019452527191017,0.004711292809729684
241,2020,248680.96091643313,GTM,10.581466307878909,42.68139860387236,0.004614373822722754
242,2021,24537.43759150429,GTM,5.987660625781784,30.350929436840605,0.004433632656246446
243,2022,1903.634521484375,GTM,0.7210993850064626,3.4108362664410077,0.0003115312595456837
244,2019,408710.41339653137,GIN,14.37195101959818,30.309180318402564,0.006123699449332769
245,2020,381360.71585479914,GIN,14.803520635521267,42.97518991701107,0.0057067003992868435
246,2021,117917.46950059383,GIN,11.126477332927044,32.02826277122639,0.005588860091448025
247,2022,13311.050589058068,GIN,0.6205460274819972,2.150224034932009,0.0008127357334733675
248,2019,281833.3995764761,GNB,13.308272054711397,30.32264715030037,0.005873927849747018
249,2020,248188.61613552697,GNB,13.981573049397346,43.07334480210905,0.005461501185454378
250,2021,114319.8842129663,GNB,9.361097803075545,28.725430897065944,0.005284056872837139
251,2022,17165.734491984047,GNB,0.42189587130020817,1.5935963817211716,0.0005553391615905773
252,2019,57449.90937441871,GUY,11.238460704960511,29.402283613296497,0.0016789986822692091
253,2020,66968.40543077257,GUY,11.514660848239838,42.16057875763192,0.0015964374807016766
254,2021,11347.645263671875,GUY,7.0448720883909735,26.2498795790485,0.0015687554601444705
255,2022,15119.172424316406,GUY,0.3611856716967857,1.870041143100908,0.00012508336558700352
256,2019,94801.13259684245,HTI,9.781828247642414,30.481051521094976,0.004746283047775802
257,2020,120069.94055408296,HTI,10.270940217530095,43.43799088312407,0.004477180816444242
258,2021,26702.413096497552,HTI,5.884815609325593,22.15122714378825,0.004513809560018581
259,2022,11414.398422632461,HTI,0.3992831208320675,1.6405371836253575,0.00043175584935227257
260,2019,156163.01157195127,HND,9.977045401284707,30.144198970902227,0.0035981228952563526
261,2020,164608.4363972067,HND,10.525556113630095,42.63332441053217,0.003712909748595682
262,2021,18867.822021484375,HND,5.706792529255406,28.613903393151823,0.0030790427301013697
263,2022,1941.9301147460938,HND,0.7224628327404874,3.291240247500072,0.00018172058167813498
264,2019,385760.56375157565,HUN,12.069960655244099,35.198612295519155,0.015474962322212373
265,2020,373897.02783516137,HUN,12.291564741073415,52.08403110350166,0.013542597370593408
266,2021,5679.9856881806345,HUN,11.474019209847217,46.561256472250115,0.014257731676362656
267,2022,1882.21162109375,HUN,0.900754089131699,4.281004322769123,0.0017209787226435589
268,2019,187352.92716880023,ISL,8.183788927062373,29.005914624246426,0.0019449820439927164
269,2020,74119.17531184637,ISL,8.236378665438233,45.61170924675305,0.001566036684450789
270,2021,9351.642832438152,ISL,8.527304025737724,49.38931159464715,0.001408285997491523
271,2022,,ISL,0.06693045385181903,3.92361657124459,
272,2019,657674.0050262297,IND,13.131130271206125,30.305568162272564,0.010527469030616417
273,2020,642274.3809837083,IND,13.445749255279534,44.428275216544336,0.009907953599502715
274,2021,442974.71734094375,IND,13.100007254399252,42.984478633129456,0.010345526544868642
275,2022,65025.09861272516,IND,1.2643037227254332,4.156700321146808,0.000868066004338924
276,2019,448493.11268140515,IDN,10.798780120295339,28.72965773613833,0.0030495417782686264
277,2020,386187.4999787522,IDN,9.950398362234422,41.50429411696097,0.002729399614446766
278,2021,274175.79017001134,IDN,9.265942652618305,40.0795583655073,0.002845487305040206
279,2022,26681.169054667156,IDN,0.9554373111338038,3.865023345040336,0.00022887437408501617
280,2019,679600.9752644337,IRN,10.037897385869549,32.00455879533546,0.008983437702038216
281,2020,625811.6449421623,IRN,10.355445063355504,46.873154161027266,0.009035105752139632
282,2021,132547.2201606011,IRN,9.32487217442592,42.150335383598396,0.009764552019216917
283,2022,36147.03397193441,IRN,0.9351845085817565,4.320039235558524,0.0010789603900731167
284,2019,678814.5387754497,IRQ,11.514096843838177,32.556901632540985,0.010871413501670547
285,2020,621537.2821972242,IRQ,11.668099733117193,47.932265307936895,0.010948163984269052
286,2021,83468.2506221433,IRQ,8.30714146790282,39.606605348700526,0.011368729973345504
287,2022,21057.80130096303,IRQ,1.1018486795011382,4.385653622456463,0.0012920254919252252
288,2019,72278.76555616716,IRL,10.919456907085891,36.28400844635385,0.00724965535207457
289,2020,134230.7841321561,IRL,11.219226185578137,52.51943877296749,0.006259959827501746
290,2021,1862.925537109375,IRL,10.34051919544966,49.52877051665456,0.00742544564167169
291,2022,,IRL,1.0713447866836803,4.736983788290634,0.0005702007081389906
292,2019,525506.0441801045,ISR,11.140363831428068,32.58295069296646,0.014364398329117583
293,2020,363826.3362590485,ISR,11.406972732911905,47.78251601686845,0.013364325286668614
294,2021,17064.530391777887,ISR,7.909005253976521,34.56631531832473,0.012837450922740558
295,2022,5736.576853434245,ISR,0.8476860300615606,4.1328239887952805,0.0015093633954074235
296,2019,561626.775893069,ITA,10.9494757051751,35.32144721717852,0.014613373931364153
297,2020,588313.5952261755,ITA,11.265115736371461,51.198512129180756,0.013561235522495456
298,2021,,ITA,9.573327132370718,43.56479975667756,0.013982202638865224
299,2022,,ITA,0.9392208867013253,4.081831554937798,0.001662706138971078
300,2019,9245.114868164062,JAM,9.461767640938278,30.43870115405806,0.005830470387822956
301,2020,16822.279154459637,JAM,9.653636219013215,42.9873789432858,0.0047421051777439705
302,2021,3828.30029296875,JAM,4.928273674992041,23.269251650764005,0.004941590984344787
303,2022,1900.974365234375,JAM,0.5221379631686778,1.972760147175618,0.000464833858009909
304,2019,507290.4643132846,JPN,13.114089857320288,34.3555486533126,0.011977849340236504
305,2020,466043.05650608474,JPN,13.286786898745333,51.81032532333641,0.010766959656992441
306,2021,328089.5961430792,JPN,12.60201766739667,51.76640708824089,0.010880957210800646
307,2022,60795.456782943416,JPN,1.2654355140209754,5.6224973167657675,0.0009693534167743948
308,2019,642272.7493376298,JOR,10.444861893917118,32.13269606220087,0.007605733897580956
309,2020,554898.3481368311,JOR,10.598201352466504,47.108621008878195,0.007313307698854995
310,2021,33993.007649827574,JOR,7.694545272446781,35.952838630156826,0.0069768671814659225
311,2022,11469.104624204283,JOR,0.8953601298933112,4.296297179916897,0.0007352689838809593
312,2019,677088.4882995915,KAZ,11.8015156041236,35.922490894683044,0.004907282262830129
313,2020,645415.959799072,KAZ,11.997812035993721,53.59363007203068,0.004970352672316193
314,2021,505403.8938770465,KAZ,12.346423534856731,52.33645147378691,0.005349424971512452
315,2022,63105.229204402305,KAZ,1.198246959037037,5.691177761982513,0.0005454023869573772
316,2019,524539.0470998923,KEN,10.199496637501044,29.46545037475677,0.0023936802946125627
317,2020,416181.33104049176,KEN,10.521052871623285,42.19728891469351,0.0023806212256692097
318,2021,3708.842305501302,KEN,7.902514779100194,31.95142973692011,0.0023528735333367716
319,2022,3787.492152163857,KEN,0.6572248858499568,2.934425371363671,0.00018846547283183902
320,2019,552286.0268087721,KWT,11.506116250076,31.793834093604325,0.025080634461407944
321,2020,467649.27370649064,KWT,11.941554901889676,45.52437514466041,0.023867638390542227
322,2021,49360.134447370256,KWT,6.549555738952852,30.058093715763025,0.024112631693932143
323,2022,15297.110017128596,KWT,1.0231140045803926,3.2409271217054796,0.0024662776715701383
324,2019,415325.46685805643,KGZ,8.185538617112458,34.402491064293045,0.0046550877521539455
325,2020,431240.3186596226,KGZ,8.400476625771004,50.692763604344094,0.004735807551664313
326,2021,259462.33596959634,KGZ,7.515721281326509,46.664123062606734,0.004476510270412437
327,2022,27973.099850327635,KGZ,0.6454936016258775,5.2742745536041795,0.0003742594034392635
328,2019,284762.7601919968,LAO,14.460952871849077,29.72386599053607,0.007080038021210858
329,2020,246738.1809968022,LAO,14.569190339680718,42.40689549743988,0.006932196344818837
330,2021,213089.65375055748,LAO,9.975671350822278,28.596562980165608,0.006750372847779321
331,2022,51498.54677724395,LAO,0.9557487625103482,2.173866405105859,0.0003829312405540728
332,2019,229248.88214641294,LVA,11.9043386567011,35.03756821615976,0.010559352567669147
333,2020,213197.2931865256,LVA,11.828047455263388,52.71822759487227,0.009186764147308808
334,2021,9297.085495589616,LVA,12.045836051512023,52.74516143193371,0.009404087823376142
335,2022,,LVA,1.1807584833457887,5.346540865746697,0.0014063352509384236
336,2019,136994.79799397785,LBN,10.26054762664606,32.93451347343978,0.030602472818201307
337,2020,180873.2687988281,LBN,10.562361424338693,48.79722509208537,0.02638780966219757
338,2021,9461.923889160156,LBN,7.4447135432933775,35.93771961220495,0.027488925430921407
339,2022,,LBN,0.8175888831727207,4.28286501330634,0.0019278852119636474
340,2019,265900.2337036133,LSO,7.327299807697543,30.29971576640401,0.004403061022608199
341,2020,246940.47941284176,LSO,7.984969235925847,43.39540573267605,0.004557297178980578
342,2021,,LSO,4.3419578669975065,26.1912278481068,0.003797411498323387
343,2022,,LSO,0.4410845140850352,2.4994002911229654,0.00022174492028480513
344,2019,117599.73247129857,LBR,15.4843757405746,30.115460479094658,0.004142196870673147
345,2020,103347.27315678328,LBR,15.931952749571575,42.852301943058926,0.0037392572735429563
346,2021,26623.205228678384,LBR,10.974898648526333,30.73512423758597,0.003757673958779618
347,2022,3807.076318091089,LBR,0.7326484312519741,2.039495863382613,0.000373258452148993
348,2019,674396.2411849168,LBY,10.579155327925674,31.752351873520368,0.004135344300723087
349,2020,629039.1135737115,LBY,10.958694119079837,45.99652438945952,0.004083155271107466
350,2021,1901.079845610119,LBY,9.786307912543839,40.003774990898634,0.003729839224767653
351,2022,,LBY,0.9069032604513476,3.9078313363744406,0.00031175586262181977
352,2019,222304.98537902447,LTU,11.998393408315891,35.1493612901095,0.012455600806654867
353,2020,219347.58770383016,LTU,12.084294559133735,52.66073000712011,0.010981452075962309
354,2021,11217.636628324932,LTU,11.943273440411755,52.438210319526895,0.0116370195966453
355,2022,,LTU,1.214941065239416,5.312858003089948,0.0015518162835217678
356,2019,86807.9379272461,LUX,9.595262627117336,35.49562760069966,0.017320187364333606
357,2020,109746.83471679688,LUX,10.200998364947736,51.76207357645035,0.01407027608252065
358,2021,,LUX,7.482736210338771,39.5503971464932,0.017875293140876103
359,2022,,LUX,0.8235421637073159,3.5501939207315445,0.0018789515852404293
360,2019,539825.0694689031,MDG,9.459587303027725,30.21674290784436,0.003761275675139486
361,2020,549098.5059187544,MDG,10.03804008064309,42.94141316170262,0.0038690200791218084
362,2021,18556.97351793941,MDG,7.313556296083189,35.87073557195856,0.003683243972009165
363,2022,5548.333971058239,MDG,0.6124565301376822,3.6385324376450625,0.00021867104224235272
364,2019,322050.80380292516,MWI,10.995303180625472,29.70045126083927,0.004476724496979499
365,2020,323735.36704817,MWI,11.769838537772713,42.26987630878063,0.004578923844324862
366,2021,1855.853759765625,MWI,7.137825310839082,24.571633914593765,0.004370318419461635
367,2022,,MWI,0.4095086439116668,1.7924847437157518,0.00020519066714054526
368,2019,120056.46712937129,MYS,11.256121708541917,29.24148558323607,0.0038691331735897813
369,2020,59160.64557680072,MYS,10.336300904484355,41.625416165601095,0.0035685669050255853
370,2021,116041.98870755914,MYS,8.734061235806074,36.01860890085101,0.0036182024310314792
371,2022,24932.526348039213,MYS,0.9443079722318076,2.9438012369594615,0.00030418822160735475
372,2019,668352.6792311268,MLI,11.325541171290643,30.08920173609749,0.004303242666048575
373,2020,623884.3831237074,MLI,11.855281465500145,43.23908533772709,0.004257758912504277
374,2021,104812.99572470515,MLI,10.462855184788479,39.827945365393404,0.004341202515888461
375,2022,9517.620781770658,MLI,0.8672186338380861,3.551870877089011,0.0002510416226456652
376,2019,670422.2450567775,MRT,10.575800660107063,30.661291632660607,0.00348885549897827
377,2020,607175.3702402517,MRT,11.091148915322677,43.892186358667644,0.00345431428201055
378,2021,191436.2693699923,MRT,9.700859613092403,38.59645250960873,0.003475846260989592
379,2022,15246.447084000927,MRT,0.7020118339267962,3.4156133581778354,0.00019402571677828894
380,2019,668455.8714452115,MEX,9.967736485882357,30.99707937741992,0.0051149080679116915
381,2020,633311.9855622257,MEX,10.34061482296824,44.71935480610966,0.0050656689437291865
382,2021,336658.4928622794,MEX,9.841510440275567,43.98953200432441,0.0051441597409128004
383,2022,24505.26919278567,MEX,0.9068568065011704,4.103045754769902,0.0004256703148810614
384,2019,265364.4951326688,MDA,11.990489562326399,35.12127734439059,0.01054998255628039
385,2020,306247.1349870412,MDA,12.082539480293487,52.19596577464599,0.010130289883180514
386,2021,9424.6185546875,MDA,10.49906625965518,46.58100681459698,0.009854067411886554
387,2022,1923.5048828125,MDA,1.0193556020317307,5.281748425103444,0.0014577686458937548
388,2019,665733.8393771687,MNG,10.29907951518796,36.66001410853566,0.002147833390440285
389,2020,615972.335683751,MNG,10.259649378476858,55.236450348352044,0.0020610859309415875
390,2021,525305.546901202,MNG,10.348070509287774,54.34934509910072,0.0018538705729394683
391,2022,58180.79885180565,MNG,0.9706272665205854,6.0114967550717235,0.00010734319974538582
392,2019,66646.38423665364,MNE,9.815444550754538,35.107011295120735,0.006242231525325713
393,2020,110247.07404581706,MNE,9.990909380419579,51.0999695577604,0.006387721503657443
394,2021,,MNE,7.996974198314907,38.37205006185744,0.006318636413578507
395,2022,,MNE,0.4751981960254766,3.134371736361867,0.0005896638758290131
396,2019,672277.5118844183,MAR,9.913039301130397,32.90102267605301,0.004722599206070431
397,2020,624859.6815496047,MAR,10.279882031952782,46.837921264614344,0.004583877773440354
398,2021,176162.46524262746,MAR,9.653950054041331,45.47991172234807,0.004395522457147049
399,2022,15304.457930467555,MAR,0.811456979531791,4.222198830783222,0.0003442178509116862
400,2019,546918.536491204,MOZ,10.857609212199028,30.161285321715503,0.005076422369038373
401,2020,525370.107653768,MOZ,11.776370438759407,43.01578955371196,0.004960162153750805
402,2021,1855.6486536244877,MOZ,8.830660336273205,34.179471325869635,0.005158926434274102
403,2022,1799.785373263889,MOZ,0.49459341141628327,2.672149753396893,0.00021465592764099615
404,2019,450864.8253981064,MMR,13.69738771615294,29.865728522899943,0.005716475904020801
405,2020,372259.8118530755,MMR,13.79099164854728,42.892410365890015,0.00531530393652155
406,2021,331252.065443475,MMR,9.762346760965748,31.647568389727315,0.005209570892602691
407,2022,49560.56975293725,MMR,1.1524483604630211,3.4251502907078097,0.00029734386936015335
408,2019,651733.9502843982,NAM,9.744248354149763,29.706745461529838,0.003856585050032114
409,2020,604929.1609596867,NAM,10.422267216747029,42.61568381298741,0.003968788929961136
410,2021,1912.8117268880208,NAM,7.1308373044467475,34.814234264922426,0.003417218548780701
411,2022,,NAM,0.8048733490142708,3.6264084897516784,0.00022604164174753848
412,2019,319993.341615468,NPL,11.103014044209674,30.16157603241819,0.006254455352378487
413,2020,340618.3490805156,NPL,11.171992083528995,44.62617149740217,0.006116853651130701
414,2021,236377.6967737989,NPL,8.718446736806948,35.751315195644615,0.0064548559033018454
415,2022,32445.896158663047,NPL,0.8797917527039558,4.305975668382997,0.0003304638279075823
416,2019,144921.98200669608,NLD,11.554948454381307,35.78555372117377,0.029587567160649156
417,2020,177727.55497877847,NLD,11.941348635628067,52.353096552563436,0.024219248633086138
418,2021,,NLD,10.302236286782223,47.354654812853845,0.025011152989517907
419,2022,,NLD,1.0441527496558431,4.564637817349388,0.002797796297768819
420,2019,27207.412353515625,NCL,7.947279535968946,30.252375936336794,0.002098386034332371
421,2020,29265.01735839844,NCL,7.893710285074782,43.34674714345748,0.001856783555012535
422,2021,27625.20248558408,NCL,4.932929986057424,26.917391005722283,0.0019051583364817822
423,2022,3683.2781982421875,NCL,0.16219441276680455,1.4193577787693428,0.00016066496670419142
424,2019,473370.9166268421,NZL,6.954920745291526,36.70402791484702,0.0018567404704966544
425,2020,458943.2904224477,NZL,7.588927412230635,49.11783956950304,0.0019022162531288729
426,2021,346965.92894788476,NZL,6.31651116028919,48.31962154168225,0.0018653786166427325
427,2022,56282.31653156247,NZL,0.4797638636188057,4.401246739386311,0.00014804143433575423
428,2019,134120.878544495,NIC,10.133913786629273,30.102517302427362,0.003165652262012014
429,2020,140181.6290325721,NIC,10.380151863659828,42.50609084525109,0.003184209665529295
430,2021,15155.113385009765,NIC,5.572458635124584,27.001356190204614,0.002597055454695988
431,2022,1840.8798828125,NIC,0.6709203334024236,3.1595902414961583,0.00015781747540081508
432,2019,662605.538159936,NER,11.114698202254473,29.798465124313207,0.004065077192498816
433,2020,619628.3141978936,NER,11.509186134125523,43.19172414460913,0.003908097154763345
434,2021,1944.6166901765046,NER,9.377538972101584,37.37338323120456,0.00395112666116233
435,2022,,NER,1.0326962902581525,3.853066929791133,0.00020989339020982306
436,2019,530222.4735968824,NGA,14.961797841866563,30.036353664260083,0.007048516848556678
437,2020,470696.49252188456,NGA,15.584016478071643,43.148283867836234,0.007006090622526981
438,2021,1936.03564453125,NGA,11.291746943335614,33.923733569090125,0.007269944883279064
439,2022,,NGA,1.6528979403635982,3.767114997626238,0.0006843252310219002
440,2019,370172.96488882287,PRK,14.237054676167565,36.50192051695932,0.010712330860038807
441,2020,267434.6409565446,PRK,14.319868557038081,54.21639653475157,0.010392547908721565
442,2021,132495.83468413935,PRK,10.214398358683754,43.47311729944139,0.011917422126244234
443,2022,18998.219197090344,PRK,1.283992704799316,5.908327179427779,0.0013014678580056257
444,2019,187227.97429649718,MKD,10.352759998295555,35.18363651534895,0.008782500956576879
445,2020,280707.35958811664,MKD,10.609027109223362,50.90118513486528,0.008159794966031106
446,2021,1870.3379211425781,MKD,8.649259993076054,39.76501880996808,0.007884672799766736
447,2022,,MKD,0.5500372843185901,3.7584438522396506,0.0008585491910316809
448,2019,339806.29173633025,NOR,9.661900437072806,31.533937742393494,0.0057704747849715516
449,2020,283581.48020252236,NOR,9.839992028885064,50.50819649303989,0.004557042579787388
450,2021,144484.43318726664,NOR,10.22337849588995,52.70672926511281,0.00437182575605605
451,2022,,NOR,0.6509444834026379,5.028139403796823,0.0008271521199136544
452,2019,674560.2001977445,OMN,11.574846852975167,30.216205943921825,0.004862906566647226
453,2020,579859.3626966084,OMN,11.903451942671957,43.563860274076305,0.0045461685125839655
454,2021,103119.3605728712,OMN,7.383027020520217,31.316642446436653,0.004395367463966263
455,2022,28734.516271747387,OMN,0.8647466082199197,2.671414066000611,0.000293444740219473
456,2019,676339.020031791,PAK,10.901568232470455,31.373640860028985,0.007382090020712113
457,2020,640369.0187891782,PAK,11.395172508280845,46.19344766189433,0.007313610194680283
458,2021,229598.89791236073,PAK,10.606423422880928,43.034076112285426,0.007535631572518996
459,2022,38226.76584037055,PAK,0.8276099795144207,4.205788271856374,0.0005447996259309905
460,2019,346717.4524637859,PSE,11.228292331720391,32.58386328976069,0.018830941815046267
461,2020,214987.38422648108,PSE,11.489615627274008,47.7630787692698,0.017358221874336065
462,2021,11358.980926513672,PSE,7.790494877689828,34.01254583899642,0.01841596618246621
463,2022,1936.6827392578125,PSE,0.7952149910852313,4.123945189639926,0.0019539367826837406
464,2019,70615.64815804618,PAN,10.789834768203294,29.75214894669626,0.0046488097546701
465,2020,93195.04995545447,PAN,10.957077713453682,41.87264318679271,0.004172537849053478
466,2021,5694.9520263671875,PAN,5.552782417882713,25.70729858375706,0.004152958681472979
467,2022,1890.8738902698863,PAN,0.6742700381421085,2.6601077687994388,0.0002234409363950363
468,2019,125396.8441444928,PNG,7.930072548189853,27.94606131244569,0.0013447239681078828
469,2020,107853.85524927134,PNG,7.961691214769042,40.61264709151962,0.0013021139834569692
470,2021,51684.60126187763,PNG,5.551414026857519,29.552300805050084,0.0012370995785854339
471,2022,5664.678649902344,PNG,0.7342097198828231,3.2297556878005054,0.00012943270561654847
472,2019,446211.6081816931,PRY,10.863740746420435,30.10299330433712,0.004578011089523183
473,2020,515128.8464355852,PRY,12.320431147491584,42.761180206853346,0.004745029276126995
474,2021,75815.57413977101,PRY,7.379105908746879,28.646002529089753,0.004529130283371941
475,2022,26123.69491354941,PRY,0.45088231739205176,2.053751551041874,0.0004918171283550449
476,2019,578361.3730912746,PER,10.615473858432662,28.66671070511232,0.0023204880337523875
477,2020,413183.40414753254,PER,11.07037203573832,41.06792123751375,0.0021459071744453244
478,2021,43111.88739087129,PER,7.072488109784246,28.90907621628048,0.002142434148390023
479,2022,5611.018150778378,PER,0.7375298323039468,3.1145262511514655,0.00015495046146762708
480,2019,240185.46014594086,PHL,10.37836473673801,29.13634948442143,0.003983521248420827
481,2020,166731.9979615908,PHL,10.121188663029546,42.27364900180695,0.003759569457325943
482,2021,49632.67904924665,PHL,7.091839631081949,33.04720539992295,0.0035436324410184784
483,2022,5726.294891357422,PHL,0.5785412768163595,2.8344666242301617,0.00026279553468109087
484,2019,348685.6180645093,POL,12.114714296991147,35.10101196108123,0.017434374656165277
485,2020,368441.3886585676,POL,12.355367728608911,52.51639066141766,0.015368847105586537
486,2021,9382.62162562779,POL,12.574892794672333,52.340074474985656,0.019797186149186248
487,2022,,POL,1.1756899260897578,5.20997418990996,0.0022269494132949306
488,2019,428315.1000123973,PRT,10.73835139392489,34.67601691973456,0.008909639626198267
489,2020,411044.6365432999,PRT,10.980213421521873,49.58244119614138,0.009046387052191884
490,2021,24688.914410975543,PRT,8.689436468923,42.69086319309403,0.008673928200096843
491,2022,1891.4161376953125,PRT,0.8843963755142522,4.408919311128558,0.000655461062740942
492,2019,3718.5890502929688,PRI,9.311829208456253,30.45996444674119,0.003033976866982871
493,2020,11162.974731445312,PRI,9.921134221709025,43.568527448159635,0.003063853255187836
494,2021,11560.725972493488,PRI,5.850329134697536,24.41335745052922,0.0028466068400514596
495,2022,5797.338623046875,PRI,0.26397494452872444,1.5169809831040246,0.0002834539973908553
496,2019,229774.86287754602,QAT,12.080334684019329,30.961719635952342,0.021487182562897916
497,2020,134107.1944458008,QAT,12.352584816888186,44.56832254569508,0.021337785515566594
498,2021,25127.902596609936,QAT,6.60793891469348,27.10095702649327,0.02095431086890222
499,2022,13524.680720738002,QAT,0.9968786902415255,2.789349858649075,0.00195066141998268
500,2019,508366.2442710672,ROU,11.621342094698784,35.05745799802403,0.010918424704067764
501,2020,493270.76700911886,ROU,11.802118872923367,51.97590582716409,0.009820666108999902
502,2021,18876.555037352035,ROU,10.907692947804355,48.77691374364464,0.010129138042322473
503,2022,5741.174011230469,ROU,0.982154383669801,4.867171554749265,0.0014188917760134066
504,2019,16640.930487641832,RWA,10.97715768864584,29.205445134161863,0.0030828388475446877
505,2020,9395.371997070313,RWA,11.464231530669265,41.89487181910586,0.003315248628957245
506,2021,,RWA,7.1185977676156975,23.23874793900621,0.0031450079523494866
507,2022,,RWA,0.4652587694083683,1.5764174075289208,0.0002266091586330904
508,2019,680734.2286612188,SAU,10.928786961117419,30.557650987707863,0.006139700258696643
509,2020,640038.3861671101,SAU,11.28619815879073,44.7786544216338,0.006156565855763686
510,2021,104379.13442974075,SAU,9.759410643957631,41.14067232626972,0.006035111455428273
511,2022,22786.498713975314,SAU,1.0968663416450106,3.960295343234696,0.0004959373027232352
512,2019,497369.5849901242,SEN,12.33111420854975,30.23702316611816,0.005845180146195638
513,2020,432594.92693196615,SEN,12.886127927172089,43.080053853530515,0.0058036214502632045
514,2021,190448.3412629966,SEN,9.496232100300182,31.09659096347681,0.0058398174880875675
515,2022,20979.234143823407,SEN,0.36617287690255984,1.9574093097589635,0.00046035662368961214
516,2019,358342.45980516984,SRB,11.387068213469583,35.200622446756185,0.011422669034788972
517,2020,387332.45332199434,SRB,11.61847041963984,51.39596728131261,0.010163548543097293
518,2021,3761.842333984375,SRB,9.950907439710715,41.23970729113322,0.011208691868803156
519,2022,,SRB,0.6461378973586812,3.790016209863537,0.0015849397755405797
520,2019,205855.81180021525,SLE,15.517265151349863,30.22935303415525,0.00563007843387478
521,2020,192149.7543556138,SLE,15.995243328126037,42.83147121966123,0.005220279109999244
522,2021,68363.1138591904,SLE,11.05705162731532,30.265136940238534,0.00492702439648058
523,2022,5685.041336450821,SLE,0.5468512672210576,1.9263300461253403,0.0007578836773150687
524,2019,205260.25544085895,SVK,11.50017938789584,34.99787745742722,0.016436523990155633
525,2020,251989.6073416786,SVK,11.634855084518772,52.0392733755817,0.013713371929032244
526,2021,1885.6131998697917,SVK,10.750535375060553,47.56416666747691,0.0156607192419182
527,2022,,SVK,0.816315356909323,4.586017367675124,0.0019145028887672508
528,2019,212963.8597877139,SVN,11.004603392385283,35.12406825923883,0.012469669743483775
529,2020,252254.61361827762,SVN,11.186991260021886,51.77832076011654,0.012092526689593224
530,2021,,SVN,9.28543640299577,42.087598864909545,0.012817943664457139
531,2022,,SVN,0.6858654605225399,3.4068733670156113,0.001628514196116644
532,2020,1846.521240234375,SLB,7.257199832044645,40.87632120923669,0.0008149364760329978
533,2021,14839.44873046875,SLB,4.488837474664521,24.390170568277124,0.0007915996655692305
534,2022,1862.2496337890625,SLB,0.19272809627989393,1.357225347803826,9.699034683398919e-05
535,2019,,SLB,7.235713311032187,28.086393276087634,0.0008373801927123106
536,2019,601901.7897660586,SOM,10.584007606541912,29.787985739916486,0.0020533796306645654
537,2020,471602.20849652943,SOM,10.696697238747703,42.72629484488268,0.00205589898754738
538,2021,40118.993314692685,SOM,7.9975132895860055,34.76570633868529,0.0019810214931457928
539,2022,13334.68500983979,SOM,1.0587010988902608,3.7270236416990716,0.00018322903803207654
540,2019,649176.2649739465,ZAF,8.598487886572265,30.790567428164195,0.007158523960333584
541,2020,602400.2084995565,ZAF,9.171148365142333,44.04087968943824,0.0069133562249525165
542,2021,,ZAF,7.110402216863418,39.19351230568043,0.0062237127687722466
543,2022,,ZAF,0.713506187383942,3.6441756464920716,0.00037146952893679945
544,2019,285662.9456721197,KOR,14.601331564970586,34.39497857415097,0.02903981159396824
545,2020,308516.3569607629,KOR,14.468750245808543,50.82785237342283,0.025122327342447275
546,2021,91144.76353192635,KOR,8.687685000584798,36.0638799035973,0.02578019342791339
547,2022,13347.142055615324,KOR,1.327760129336251,5.005385251131375,0.0030353199261241234
548,2019,568370.3817818946,SSD,12.907567613048146,29.923040379448917,0.005084365684465388
549,2020,504158.1454099227,SSD,13.5750206881641,42.90564659564151,0.005506715670219434
550,2021,1874.2395064742477,SSD,9.973944927402723,30.636516685705168,0.005659720591739408
551,2022,1920.8306503295898,SSD,0.7963190455142031,2.2504082126056266,0.0008611202451675679
552,2019,615460.2665411864,ESP,10.32165712987493,34.86043463003637,0.00859200021011316
553,2020,543205.3262798233,ESP,10.543420142135922,49.922826227538344,0.008862341748238899
554,2021,11374.688979522081,ESP,9.411199714250927,46.68584411377304,0.008551084863275278
555,2022,1888.4609375,ESP,0.9798554147139438,4.829699471886658,0.0006893085824644771
556,2019,83992.70214630848,LKA,11.265195965437796,29.878386126937183,0.004843568479418681
557,2020,106868.67328176345,LKA,10.952117010015082,42.804867847528406,0.004641172727849161
558,2021,30506.03013698338,LKA,7.079419370404458,28.907276723407218,0.004146501872412698
559,2022,13298.21949826195,LKA,0.5700910771745552,2.485206268262118,0.0003901668013853912
560,2019,679004.9404578814,SDN,11.54355493400498,29.94964409350604,0.004571107486852499
561,2020,619174.3994534017,SDN,11.953486412634186,43.44051137780574,0.004506535879711993
562,2021,13248.565902115872,SDN,10.42732347001161,36.71987726421887,0.004606448348938116
563,2022,3807.668147991092,SDN,0.8633199855001038,3.0982806050479357,0.00030218712943115545
564,2019,20223.1027570452,SUR,11.35726113622298,29.59442784825248,0.0016388954779195013
565,2020,59292.518942664065,SUR,11.64412405864652,42.40544549535445,0.001623525346896404
566,2021,11202.811083984376,SUR,7.463117184790705,27.06055132511932,0.0016276659004722744
567,2022,9499.814860026043,SUR,0.4339602153510654,2.198761360373735,0.00012299916796408767
568,2019,372076.67971839436,SWE,11.292501525854977,35.73637121480995,0.007595167042688677
569,2020,355340.0528549621,SWE,11.41916336992853,52.862544576198985,0.007209823305240738
570,2021,48216.64017197136,SWE,11.408105716800852,52.753906549211166,0.0065351073326877646
571,2022,,SWE,0.9401587754147176,4.975452948476969,0.0013058908762310845
572,2019,183707.9495546504,CHE,9.644723987855494,35.02819847170998,0.012830886656380288
573,2020,231764.8561477521,CHE,9.894941800924622,51.19631005124795,0.010830431010992623
574,2021,,CHE,7.665487142165076,41.514313457324604,0.011996896202571251
575,2022,,CHE,0.8082189273099363,3.8808176476798955,0.0012431573561454425
576,2019,649947.621519183,SYR,11.069111405148208,33.113566482633395,0.00876297237250481
577,2020,571461.885565455,SYR,11.210905061565635,49.41307590241583,0.008396467700113744
578,2021,53023.88140689256,SYR,8.46961634287833,40.58717968603441,0.008196491054435104
579,2022,13389.531039573649,SYR,1.026781092714808,4.83399976115358,0.0008438596321964077
580,2019,77118.23573666526,TWN,12.531998145159578,29.753889463894225,0.015757299018272598
581,2020,66216.49837268647,TWN,12.791953658552217,43.01460722645574,0.01498597410903749
582,2021,26843.599178059896,TWN,7.937259017314016,29.856849850165634,0.01586598120760637
583,2022,5717.107421875,TWN,0.7485964211038764,2.83524433464105,0.0015746630279332584
584,2019,377903.5714818739,TJK,7.820882637456839,33.35245121858192,0.004545767052464868
585,2020,359474.3301094189,TJK,8.080478369933102,49.14739149663833,0.0048662259613727376
586,2021,139942.8996674633,TJK,7.0178385249098625,40.80478117514311,0.004554334206155914
587,2022,11226.156188964842,TJK,0.42496375889068333,4.259815641859532,0.00032568156377232784
588,2019,485502.3076158099,TZA,10.634498597536025,29.202206729505892,0.0035605702601913475
589,2020,462637.9056746087,TZA,11.262941664362328,42.13437742132088,0.0035348129476067856
590,2021,1861.5519612630208,TZA,8.508043311317474,31.24115571667889,0.003451976809903634
591,2022,,TZA,0.5896603423250787,2.428626612320015,0.00020254717203650193
592,2019,367565.33541860036,THA,14.097862120276977,29.86158224784433,0.008018121455006456
593,2020,326989.0224163896,THA,14.210218320452901,42.64892102908236,0.007483286363670308
594,2021,276723.2400726652,THA,10.051394780257004,30.674091162003133,0.007042778942401865
595,2022,57484.7376748212,THA,1.1757654577107028,2.950882785155938,0.0006426258063505863
596,2019,45737.62544759114,TLS,9.060023196287721,28.208014355848245,0.002380507815785667
597,2020,44271.45353190105,TLS,8.739276581003315,40.84387767281798,0.0020041511709189314
598,2021,11159.128173828125,TLS,5.2423601622937115,27.71867050792255,0.0019251982748537738
599,2022,,TLS,0.3956801669546477,2.297037987245454,0.00013001088570361062
600,2019,221609.93821139142,TGO,15.742950147965372,30.040032266573025,0.0061806207223970636
601,2020,234200.77164736166,TGO,16.2308506982915,42.92688812689763,0.0060798390939287026
602,2021,5655.639916992188,TGO,9.732292082505834,29.68182656717594,0.0061701147181595205
603,2022,,TGO,1.261279343140705,3.3045378623618964,0.0007567331627066357
604,2020,3701.1013793945312,TTO,10.098913658130906,42.757539214193834,0.004217200295546536
605,2021,3771.722005208333,TTO,5.798260021116584,23.680951481064163,0.003712367857241007
606,2022,7617.109680175781,TTO,0.29868523726860685,1.4548641279339791,0.0003586039781566796
607,2019,,TTO,9.819545855590448,29.851884116977445,0.004199360741163714
608,2019,630145.136989674,TUN,10.741765337571163,34.11799799349378,0.006218408150777243
609,2020,516244.5338782097,TUN,11.092585555136829,48.42430605398129,0.0062867870961781725
610,2021,,TUN,7.183864024286951,32.11209532070678,0.0053289877898602764
611,2022,,TUN,0.8865911264995717,3.541394721661387,0.0004932079391905316
612,2019,626075.1091232798,TUR,10.134223010600758,34.03137874293674,0.008388239309746796
613,2020,595055.6475290896,TUR,10.423666337726694,50.76132851428097,0.00822437812097952
614,2021,58317.100182743154,TUR,10.435703312839424,49.68800391342702,0.008343683380172032
615,2022,11338.549963378906,TUR,0.9796621408957655,5.134322331131106,0.0008463072114713342
616,2019,666016.7749620324,TKM,11.616305233144725,33.93197033488773,0.005769550908149757
617,2020,605789.6384823063,TKM,11.935970453980108,50.57977391595225,0.005944909795357908
618,2021,156280.46098067472,TKM,10.793443990979497,42.5783418482097,0.006259374801837389
619,2022,34405.406017844274,TKM,0.8978473522289016,4.327929971572826,0.0006156178778106475
620,2019,285272.49942614115,UGA,11.309998751732103,29.466689301417205,0.0032260227801828322
621,2020,237970.0612346256,UGA,12.044667462280188,42.21013122977389,0.0034704489409049847
622,2021,1849.945703125,UGA,8.479281996153672,27.04383418110564,0.003718600340612689
623,2022,,UGA,0.6366870869754662,2.128213424291255,0.0005132041893446093
624,2019,543187.8642125891,UKR,12.088077829668752,34.99253283295812,0.011842577529154033
625,2020,530376.2667572373,UKR,12.38084151262673,52.77004150196809,0.011213333438720207
626,2021,56396.616129350325,UKR,12.668093578366864,52.472647967082054,0.012089625649354127
627,2022,7621.166219042706,UKR,1.2243601532181962,5.476058997173752,0.001812645976460735
628,2019,538097.3525248197,ARE,11.86136406207172,30.595112317257787,0.01213831521695029
629,2020,520722.848906752,ARE,12.202181538019799,44.205968780842475,0.01179553442626586
630,2021,97245.97882295196,ARE,7.215114764783754,28.18783415407707,0.011627180479279395
631,2022,22886.982370360773,ARE,0.905751696620995,2.625599093932289,0.0008506827578243199
632,2019,238853.6842259924,GBR,11.374379483241217,36.24343906328799,0.014547196797799172
633,2020,272243.03893128573,GBR,11.669808039552247,53.02091762341596,0.01235847514997226
634,2021,,GBR,11.911820591015223,51.62121071412291,0.013948345540875956
635,2022,,GBR,1.1180336000819924,4.7976821520431825,0.001456297086522915
636,2019,393736.1010027096,URY,7.846916643951214,32.038788237809854,0.003911877133514643
637,2020,487947.7880181134,URY,8.778898108024666,44.90522235282774,0.003920265985704154
638,2021,80282.8632714879,URY,5.341994225493319,31.207326407622862,0.0035778566178457606
639,2022,27653.31895742545,URY,0.3635151452904555,2.2816455411731824,0.0004170892106158882
640,2019,651255.8224977704,UZB,11.517810747024805,34.79183174619651,0.006913854541138205
641,2020,600738.067496446,UZB,11.827084906793148,51.78017568906488,0.006968565467247724
642,2021,233149.93976951242,UZB,11.717792317692231,48.65003540591115,0.007844855154361483
643,2022,32439.30483701745,UZB,0.9621220731330901,4.8241085194886235,0.0007391272027117987
644,2020,1832.9481201171875,VUT,6.750057257944717,41.52957807481289,0.0009899301027850526
645,2021,7439.796325683594,VUT,4.103455382476872,27.354895273720224,0.0009139524714709024
646,2022,1849.7552490234375,VUT,0.09590894340847929,1.895452393218875,3.564701255361531e-05
647,2019,,VUT,7.172785871739809,28.87251690390209,0.0011196571094062688
648,2019,346774.612244617,VEN,11.425411940413518,29.428360023237758,0.0029888298836056766
649,2020,372935.1175641693,VEN,11.639935515424348,42.28481113473174,0.0029878838541423625
650,2021,60580.36766253307,VEN,8.299264054811086,30.246439492510177,0.0025415455470027422
651,2022,28586.633910376284,VEN,0.5469698817724592,2.3216802531037395,0.0002684912980492778
652,2019,265505.184533155,VNM,13.75989913916144,29.65585828222756,0.008805116766722576
653,2020,221039.19673449136,VNM,13.735516573321165,42.546915336328816,0.008631437692386853
654,2021,181160.19776185247,VNM,9.740959349910396,29.13419391820228,0.008897502417583669
655,2022,42306.12682992523,VNM,0.7942574503995866,1.9315643216414666,0.0008298199351859346
656,2019,651358.1613366357,ESH,10.162684348110552,31.427319484370205,0.0033734673274861317
657,2020,568945.9861550787,ESH,10.587219233716244,44.75539205817215,0.0032375510572302405
658,2021,143277.72507333002,ESH,8.618384202517026,37.59281932192549,0.003179778459361613
659,2022,9530.051502137314,ESH,0.5507025633754487,3.167927021326487,0.00024366205817599344
660,2019,675083.2223350953,YEM,10.757383945493634,29.799452383215765,0.004252091876337353
661,2020,573979.9378104884,YEM,10.977732297304287,42.937221333060535,0.004240923891586288
662,2021,74436.98083449547,YEM,7.415447154215853,34.137450386367746,0.004073934953695226
663,2022,20941.71078311385,YEM,1.0408935199189504,3.603854910840121,0.00030777780283222373
664,2019,538605.8230245641,ZMB,11.75759620660016,29.65089778246455,0.0057851752669249995
665,2020,488630.1841946036,ZMB,12.898925756941447,42.45099658599614,0.005739866882183777
666,2021,,ZMB,9.247074478649745,31.929402389818083,0.005560394802632187
667,2022,,ZMB,0.6740980067752489,2.6193693578431834,0.00014336049535447785
668,2019,541576.939605251,ZWE,10.533261397597084,30.08575509179647,0.0046625945752968995
669,2020,482465.70757666195,ZWE,11.829822906750564,42.79147431309668,0.004484387833638768
670,2021,,ZWE,7.5297460611543325,28.369322480791887,0.0043150043013079975
671,2022,,ZWE,0.5131713146767476,2.0584876763413806,0.0001721721720593461
